Site,Sample,Type,Age,Periode,Tint,Na2O,CaO,K2O,MgO,P2O5,SiO2,Al2O3,FeO,MnO,Cl,R,Reference
CNL,22b,Apothecary jar,17,IV,W,0.53,29.46,2.04,0.76,,56.54,2.17,0.70,0.76,,0.94,C3218
CNL,23,Goblet,14,II,PGE,1.76,13.77,14.65,6.03,3.70,54.01,1.47,0.44,0.91,0.49,0.48,C03496
CNL,24,Goblet,14,II,PGE,1.76,13.77,15.18,5.97,3.86,54.70,1.59,0.53,0.62,0.57,0.48,C18359
CNL,25,Goblet,14,II,PGE,0.99,14.74,14.80,5.06,3.75,56.09,1.66,0.56,0.84,0.47,0.50,C18362
CNL,26,Goblet,14,II,PGE,2.37,11.65,14.33,5.94,3.34,57.06,1.13,0.30,0.68,0.58,0.45,C18356
CNL,27,Goblet,14,II,PGE,1.45,13.85,14.77,7.00,4.38,53.81,0.84,0.42,0.85,0.48,0.48,C6066
CNL,28,Goblet,14,II,PGE,1.85,11.65,14.29,5.58,2.94,57.93,1.56,0.54,0.61,0.58,0.45,C18356
CNL,29,Goblet,14,II,PGE,1.76,11.90,14.55,5.80,2.31,58.78,1.49,0.43,0.74,0.53,0.45,C18356
CNL,30,Goblet,14-15,II,PGE,2.34,13.50,12.40,5.43,2.22,60.10,0.82,0.34,0.70,0.73,0.52,C18356
CNL,31,Goblet,14-15,II,PGE,2.23,13.50,12.28,5.49,2.13,60.02,0.85,0.27,0.57,0.73,0.52,C18356
CNL,32,Goblet,14-15,II,PGE,2.20,14.23,13.71,6.05,2.29,55.85,1.34,0.55,0.89,0.41,0.51,C6065
CNL,33,Flask,14,II,PGE,1.38,14.59,14.64,5.49,2.77,55.68,1.93,0.47,0.69,0.55,0.50,C18356
CNL,34,Flask,14,II,PGE,1.36,12.83,19.44,5.99,2.42,54.08,1.02,0.41,1.29,0.46,0.40,C18356
CNL,35,Flask,14,II,PGE,1.03,14.92,13.95,5.23,2.39,56.25,2.22,0.54,1.07,0.59,0.52,C18376
CNL,36,Flask,14,II,PGE,1.79,12.49,16.05,7.18,2.37,56.49,0.98,0.34,0.81,0.59,0.44,C18362
CNL,37,Flask,14,II,PGE,0.88,16.38,13.33,5.37,2.53,57.19,1.70,0.56,0.90,0.49,0.55,C18362
CNL,38,Flask,14,II,PGE,1.04,14.87,13.43,5.19,2.38,56.08,2.12,0.51,1.24,0.61,0.53,C18376
CNL,39,Gourde,14,II,PGE,1.33,12.80,19.29,6.11,2.28,54.05,1.05,0.38,1.29,0.48,0.40,C18355
CNL,41,Flask,14,II,PGE,2.02,11.59,13.92,5.98,2.00,59.59,1.38,0.36,0.88,0.53,0.45,C03491
CNL,42,Goblet,15-16,III,PGE,1.49,17.40,12.24,6.24,2.79,57.07,0.32,0.32,0.84,0.66,0.59,C18383
CNL,43,Pitcher?,15-16,III,PGE,1.34,15.29,15.32,6.28,2.41,54.85,1.03,0.41,0.90,0.37,0.50,C18383
CNL,44,Goblet,13-14,II,B,0.70,15.53,17.03,5.38,4.02,51.80,1.39,0.79,1.17,,0.48,C24025
CNL,45,Goblet,13-14,II,PGE,0.90,15.98,16.63,5.68,3.69,52.57,1.50,0.54,1.01,,0.49,C24028
CNL,46,Gourde,14,II,PGE-B,13.49,5.67,4.05,1.27,0.76,71.03,1.53,0.35,0.67,,0.58,C28546
CNL,47,Tumbler,14,II,PGE-B,16.53,5.78,3.53,2.15,0.70,69.79,0.84,0.26,0.00,,0.62,C28551
CNL,48,Gourde,14,II,PGE*b*r,1.48,10.45,15.36,5.62,3.20,53.50,1.49,2.01,0.69,,0.40,C28549
CNL,49,Dist. aparatus,14,II,PGE,1.59,12.19,13.81,6.32,2.65,58.83,1.31,0.51,1.03,,0.47,C2S554
CNL,50,Dist. aparatus,14,II,PGE,1.55,12.29,13.99,6.41,2.44,58.17,1.17,0.36,0.96,,0.47,C28554
CNL,53,Goblet,14,II,PGE,1.63,12.41,13.58,6.48,2.54,58.63,1.32,0.45,0.88,,0.48,C28556
CNL,54,Aiguière?,15-16,III,PGE*b,1.26,15.52,13.60,5.56,3.27,58.46,0.36,0.22,0.64,,0.53,C28556
CNL,55,Tumbler,15-16,III,PB*b,1.29,15.57,12.82,5.57,3.78,57.61,0.36,0.46,0.76,,0.55,C6244
CNL,56,Tumbler,15-16,III,PGE,1.46,12.28,13.91,7.44,2.62,57.61,1.07,0.44,0.65,,0.47,C6244
CNL,57,Tumbler,15-16,III,PB*b,1.46,15.80,11.80,4.03,3.43,58.71,0.74,0.66,0.93,,0.57,C6244
CNL,58,Tumbler,15-16,III,PB*b,1.03,20.39,9.92,3.39,4.39,58.60,0.36,0.22,0.53,,0.67,C6244
CNL,59,Tumbler,15-16,III,PGE*b,1.01,12.80,12.97,5.65,3.73,57.92,1.13,0.49,0.83,,0.50,C6217
CNL,60,Tumbler,15-16,III,PGE,1.02,13.81,16.49,5.66,4.65,55.17,0.76,0.31,0.58,,0.46,C6244
CNL,61,Tumbler,15-16,III,CL,11.61,7.74,7.22,1.95,0.96,64.50,3.30,0.25,0.95,,0.52,C6445
CNL,62,Tumbler,16,III,CL,14.29,10.52,3.67,2.54,1.08,63.40,1.08,0.31,1.18,,0.74,C28617
CNL,63,Goblet,16,III,CL*w,14.64,8.89,2.82,2.36,0.93,66.81,1.00,0.41,0.49,,0.76,C28617
CNL,64,Goblet,16,III,CL*w,1.12,13.98,15.48,5.70,4.30,55.03,0.72,0.44,0.64,,0.47,C12853
CNL,65,Goblet,16,III,PGE*w,11.21,7.59,6.94,1.99,0.79,63.48,3.36,0.17,1.07,,0.52,C12853
CNL,66,Goblet,16,III,CLgy,0.17,24.37,6.45,2.15,2.28,60.35,1.03,0.43,1.27,,0.79,C12853
CNL,67,Goblet,16,III,CLgy,0.23,21.19,5.89,2.17,1.94,64.02,1.88,0.36,1.03,,0.78,C12867
CNL,68,Goblet,16,III,PGE*b,2.55,16.92,8.06,4.93,3.42,57.34,2.57,0.76,0.75,,0.68,c6176
CNL,69,Goblet,16,III,PGE*b,0.49,22.73,5.98,2.68,2.42,59.74,2.50,0.93,1.03,,0.79,c6176
CNL,70,Goblet,16,III,PGE*b,0.20,23.77,6.20,2.27,2.44,60.10,1.00,0.36,1.06,,0.79,c6176
CNL,71,Goblet,16,III,PGE*b,0.21,20.87,5.79,2.13,2.01,64.07,1.82,0.26,1.00,,0.78,C12853
CNL,72,Footed cup,17,IV,W*b*av,14.39,10.26,2.48,3.51,0.09,61.14,1.29,0.58,0.31,0.47,0.81,C7401
CNL,73,Vase,17,IV,Marbled,17.58,3.71,3.00,1.29,0.07,71.43,0.90,0.47,0.36,0.89,0.55,C7446
CNL,74,Apothecary jar,17,IV,W,0.37,27.24,2.49,2.87,1.75,58.35,3.09,0.79,0.53,0.08,0.92,C3218
CNL,75,Apothecary jar,17,IV,W,0.41,27.58,3.34,2.45,2.60,58.38,2.67,1.05,0.49,0.18,0.89,C7465
CNL,76,Goblet,17,IV,CL*w,11.71,11.05,5.97,2.96,0.21,62.84,1.11,0.39,0.70,1.07,0.65,C744G
CNL,77,Goblet,17,IV,CL*w,13.82,10.51,3.67,3.11,0.19,58.11,1.92,0.23,0.28,0.95,0.74,C7399
CNL,78,Footed cup,17,IV,R,1.49,18.39,9.50,4.26,2.78,51.35,3.70,1.50,1.10,0.14,0.66,C11490
CNL,79,?,17,IV,B,15.36,3.95,5.61,0.99,0.27,68.03,1.41,0.49,0.69,0.60,0.41,C7446
CNL,80,Goblet,17,IV,B,14.24,9.30,3.10,2.67,0.22,64.26,1.21,0.65,0.75,0.74,0.75,C7401
CNL,81,Goblet,17,IV,CL*b,11.54,11.51,3.98,2.66,0.24,60.01,1.13,0.45,0.56,0.89,0.74,C7401
CNL,82,Goblet,17,IV,CL*b,2.45,17.74,7.49,4.94,3.03,54.49,2.60,0.74,0.79,0.84,0.70,C7401
CNL,83,Footed cup,17,IV,CL,15.51,4.66,5.32,1.05,0.05,68.91,0.73,0.19,0.38,0.97,0.47,C7401
CNL,84,Plate,17,IV,CL,18.03,5.61,2.74,2.03,0.17,67.32,0.65,0.14,0.26,1.15,0.67,C7401
CNL,85,Footed cup,17,IV,CL,13.43,10.76,4.38,3.09,0.18,59.64,1.46,0.49,1.57,0.80,0.71,C3218
CNL,86,Tumbler,17,IV,PGE,0.27,24.37,5.74,2.31,2.28,57.01,2.82,0.98,1.21,0.04,0.81,C3218
CNL,87,Case bottle,17,IV,PGE-B,14.99,11.80,3.97,1.91,0.85,58.37,2.71,0.84,0.23,1.14,0.75,C7451
CNL,94,Goblet,16,III,PGE*b,0.40,23.01,5.56,2.76,3.91,56.55,2.30,0.96,0.56,0.00,0.81,C12790
CNL,95,Flask,17,IV,W*b*r,15.51,9.98,2.41,2.80,0.30,65.67,1.01,0.39,0.28,0.87,0.81,C48066
CNL,98,Goblet,16,III,CL*w,2.66,15.35,9.55,3.59,1.69,58.92,0.85,0.25,1.44,0.61,0.62,C28353
CNL,99,Goblet,16,III,CL*w,14.41,5.39,4.47,2.32,0.73,64.19,2.00,0.42,1.10,1.13,0.55,C28353
CNL,100,Flattened flask,16,III,PGE,2.55,15.27,13.36,5.83,4.20,51.27,1.56,0.58,0.63,0.51,0.53,C28353
CNL,101,Bottle,16,III,CL,13.18,9.48,3.07,2.60,1.08,62.26,1.14,0.18,0.48,0.99,0.76,C28353
CNL,102,Goblet,16,III,CL*w,0.38,19.79,7.11,3.25,1.64,63.73,1.02,0.32,3.00,0.00,0.74,C24206
CNL,103,Tumbler,16,III,PGE,1.42,19.35,9.15,3.09,2.73,56.13,1.57,0.42,0.44,0.56,0.68,C33530
CNL,104,Tumbler,16,III,PGE,14.41,8.16,2.02,1.82,0.71,66.82,0.40,0.05,0.61,1.29,0.80,C33540
CNL,105,Tumbler,16,III,CL,15.45,7.74,3.57,2.25,0.73,64.52,0.67,0.20,0.52,1.21,0.68,C33551
CNL,106,Tumbler,16,III,CL,11.18,6.91,3.34,1.50,1.29,68.28,0.88,0.24,1.73,1.08,0.67,C33540
CNL,107,Tumbler,16,III,PGE,2.45,12.73,14.55,7.81,2.94,54.17,1.11,0.27,1.04,0.45,0.47,C33551
CNL,108,Goblet,16,III,CL,14.77,7.98,2.08,1.95,0.43,66.33,0.43,0.22,0.77,1.36,0.79,C33540
CNL,109,Goblet,16,III,PGE,2.30,16.44,9.87,4.75,2.69,56.41,1.94,0.65,0.89,0.37,0.62,C33S40
CNL,110,Goblet,16,III,CL,14.85,8.75,3.08,2.17,0.77,66.54,0.63,0.17,0.57,1.36,0.74,C33551
CNL,111,Goblet,16,III,CLgy,0.23,18.51,7.27,2.41,0.85,62.94,1.93,0.25,1.24,0.02,0.72,C33551
CNL,112,Goblet,16,III,PGY-B,0.21,22.90,4.87,2.51,1.53,60.88,1.47,0.29,1.44,0.00,0.82,C33551
CNL,196,Goblet,17,IV,PGE,0.27,27.58,5.78,2.36,2.20,54.45,2.52,0.58,0.60,0.02,0.83,C49028
CNL,197,Goblet,17,IV,CL,15.24,9.45,2.83,2.27,0.59,68.05,1.28,0.25,0.91,1.51,0.77,C49028
CNL,198,Footed cup,17,IV,CL,14.58,10.74,4.50,3.00,0.36,63.57,1.60,0.48,1.40,0.88,0.70,C49028
CNL,199,Flattened flask,17,IV,PGE,1.97,19.83,6.14,4.42,3.15,57.77,3.58,1.31,1.11,0.31,0.76,C49023
CNL,200,Goblet,17,IV,CL,14.58,9.24,2.71,2.39,0.81,66.45,1.09,0.67,0.92,1.00,0.77,C67007
ORL,A,Tumbler,16,III,CL,13.82,10.68,2.62,2.53,0.77,68.25,1.06,0.27,,,0.80,02.3
ORL,C,Tumbler,16,III,CL,14.25,6.33,4.12,2.47,0.96,69.28,1.88,0.71,,,0.61,02.3
ORL,D,Tumbler,16,III,CL,12.54,7.27,4.01,2.19,1.07,71.23,1.26,0.43,,,0.64,02.3
ORL,E,Tumbler,16,III,CL,12.38,8.25,4.00,1.76,0.96,70.98,1.16,0.51,,,0.67,02.3
ORL,H,Goblet,16,III,CL*w,14.21,10.35,2.63,2.32,0.62,68.40,1.18,0.29,,,0.80,02.3
ORL,M,Goblet,16,III,CL,13.91,8.53,3.04,2.04,0.77,69.94,1.36,0.41,,,0.74,02.3
ORL,N,Goblet,16,III,CL,15.21,10.17,3.10,2.42,0.86,66.96,0.92,0.36,,,0.77,02.3
ORL,O,Goblet,16,III,CL,15.30,10.20,3.12,2.37,0.87,66.91,0.87,0.36,,,0.77,02.3
ORL,1,Goblet,16,II,PGE,0.82,14.23,16.00,5.58,,53.95,0.96,0.37,0.57,,0.47,018.2073
ORL,2,Bottle?,10-12,I,PGE,1.16,18.08,15.53,5.14,,47.20,1.37,0.95,0.78,,0.54,012.3169
ORL,4,Goblet,14,II,PGE,2.23,9.94,17.37,7.07,,53.73,0.72,0.47,1.44,,0.36,012.4247
ORL,5,Goblet,14,II,PGE,1.51,11.87,14.31,6.31,,55.12,1.41,0.67,1.30,,0.45,012.4247
ORL,6,Flask,14,II,PGE,1.75,12.79,14.61,6.26,,55.23,0.86,0.65,1.57,,0.47,05.2529
ORL,7,Goblet,14,II,PGE,1.96,16.60,13.10,4.87,,51.80,1.20,0.51,0.73,,0.56,05.2360
ORL,9,Goblet,14,II,PGE,1.56,12.84,13.92,6.17,,55.24,0.76,0.37,1.91,,0.48,012.3049
ORL,10,Goblet,14,II,PGE,1.63,11.98,12.51,6.87,,58.36,1.07,0.41,0.91,,0.49,05.4688
ORL,11,?,14-15,II,CL*b,16.15,6.89,3.50,1.48,,63.97,1.71,0.18,0.86,,0.66,05.1514
ORL,12,?,14-15,II,CL*b,16.03,6.85,3.73,1.49,,64.24,1.49,0.58,0.96,,0.65,05.1514
ORL,13,?,14-15,II,CL*b,15.55,6.97,3.83,1.41,,64.52,1.54,0.25,0.79,,0.65,05.1570
ORL,14,?,14-15,II,CL*b,15.54,6.78,3.59,1.38,,61.99,1.87,1.23,0.79,,0.65,05.1570
ORL,15,Tumbler,15-16,III,PGE,1.73,11.73,14.78,6.95,,53.44,1.22,0.66,0.96,,0.44,02.3029
ORL,16,Tumbler,15-16,III,PGE,1.55,12.98,11.95,6.27,,57.06,1.06,0.22,1.43,,0.52,02.3028
ORL,17,Tumbler,15-16,III,PGE*b,1.07,10.52,13.98,6.86,,59.44,1.25,0.29,1.43,,0.43,02.3029
ORL,18,Tumbler,15-16,III,PGE*bl,1.28,10.29,13.19,6.96,,57.10,1.21,0.69,1.07,,0.44,02.3029
ORL,19,Tumbler,16,III,PGE,2.35,14.46,13.07,7.40,,54.24,1.34,0.56,0.61,,0.53,02.3023
ORL,20,Tumbler,16,III,PGE,2.58,14.89,9.67,8.29,,57.58,0.86,0.36,0.84,,0.61,02.3
ORL,22,Tumbler,16,III,PGE*bl,2.21,14.60,10.44,7.95,,52.81,1.16,2.25,1.07,,0.58,02.3023
ORL,25,Goblet,16,III,PGE,3.37,12.23,10.59,7.66,,58.52,1.20,0.51,0.65,,0.54,02.3019
ORL,26,Goblet,16,III,PGE,2.09,13.03,11.99,6.28,,57.55,2.05,1.33,1.05,,0.52,02.3019
ORL,27,Goblet,16,III,PGE,2.84,12.06,11.13,6.91,,60.12,0.96,0.46,1.11,,0.52,02.3022
ORL,28,Goblet,16,III,PGE,2.48,13.01,13.56,7.81,,55.87,1.11,0.40,0.86,,0.49,02.3019
ORL,29,Goblet,16,III,CL,14.21,10.66,2.27,2.56,,64.51,0.92,0.24,0.88,,0.82,02.3019
ORL,30,Goblet,16,III,PGY-B,0.31,23.79,4.76,2.29,,60.72,1.91,0.34,0.90,,0.83,02.3023
ORL,31,Goblet,16,III,PGE,1.58,13.79,14.73,6.84,,55.37,0.36,0.02,0.80,,0.48,02.3023
ORL,32,Goblet,16,III,PGE,2.57,14.32,9.68,6.82,,57.71,1.70,0.66,0.76,,0.60,02.3019
ORL,33,Goblet,16,III,CL,14.31,5.54,3.08,1.92,,67.63,0.60,0.06,1.26,,0.64,02.3023
ORL,36,Goblet,16,III,CL,14.47,6.15,2.73,1.56,,67.83,0.71,0.05,1.81,,0.69,02.3022
ORL,37,Goblet,16,III,CL*w,13.44,9.09,4.39,2.19,,64.71,0.85,0.40,1.15,,0.67,02.3023
ORL,38,Goblet,16,III,CL*w,13.84,10.29,2.50,2.11,,64.75,1.20,0.00,1.29,,0.80,02.3023
ORL,39,Goblet,16,III,CL*w,13.44,8.73,2.47,2.17,,64.54,1.02,0.51,1.25,,0.78,02.3023
ORL,40,Goblet,16,III,PGY-B,0.12,20.39,6.76,2.42,,61.03,1.94,0.01,0.74,,0.75,02.3019
ORL,41,Goblet,16,III,PGE,9.06,10.87,5.77,2.51,,63.03,2.43,0.31,0.70,,0.65,02.3019
ORL,42,Goblet,16,III,CL,8.05,9.14,8.99,4.11,,61.52,1.14,0.36,1.09,,0.50,02.3019
ORL,43,Goblet,16,III,CL*w,9.72,12.98,3.90,4.36,,62.52,0.95,0.37,0.92,,0.77,02.3020
ORL,44,Goblet,16,III,PGY-B,0.11,22.00,5.46,2.89,,60.99,2.80,0.27,0.56,,0.80,02.3020
ORL,45,Goblet,16,III,PGE,8.28,12.46,6.62,4.03,,58.59,0.94,0.25,2.28,,0.65,02.3019
ORL,46,Goblet,16,III,CL*w,15.42,10.76,2.45,2.50,,58.03,1.34,0.18,0.89,,0.81,02.3023
ORL,47,Goblet,16,III,CL*w,10.93,8.13,5.18,3.15,,60.70,1.60,0.32,0.60,,0.61,02.3023
ORL,48,Goblet,16,III,CL*w,11.01,8.34,6.35,3.06,,60.87,1.06,0.28,1.06,,0.57,02.3019
ORL,49,Goblet,16,III,CL*w,14.82,10.44,2.37,2.38,,58.43,1.23,0.01,0.99,,0.82,02.3023
ORL,50,Goblet,16,III,CL,12.67,9.72,4.46,3.36,,61.02,1.37,0.61,1.76,,0.69,02.3023
ORL,51,Goblet,16,III,PGY-B,0.22,22.36,5.32,2.92,,58.09,1.32,0.13,0.96,,0.81,02.3023
ORL,52,Goblet,16,III,PGE,2.62,10.56,12.55,7.03,,57.05,1.65,0.34,1.10,,0.46,02.3019
ORL,53,Goblet,16,III,PGY-B,0.15,23.24,5.81,2.63,,57.00,1.38,0.19,1.55,,0.80,02.3020
ORL,54,Flask,15-16,III,PGE,2.24,13.44,14.25,6.17,,53.64,1.27,0.54,0.98,,0.49,02.3026
ORL,55,Flask,15-16,III,PGE,1.80,14.29,13.90,6.95,,53.52,0.99,0.18,0.73,,0.51,02.3026
ORL,56,Bottle,15-16,III,PGE,6.87,10.77,6.54,4.99,,60.04,1.96,1.18,1.25,,0.62,02.3026
ORL,57,Bottle,15-16,III,PGE,1.28,12.54,13.03,7.25,,57.07,1.18,0.64,1.27,,0.49,02.3026
ORL,58,Bottle,15-16,III,PGE,1.32,13.10,13.90,6.65,,53.42,1.03,0.20,1.55,,0.49,02.3026
ORL,59,Flask,15-16,III,PGE,2.87,14.50,10.46,8.06,,53.94,0.87,0.15,1.04,,0.58,02.3026
ORL,60,Flask,16,III,PGE,2.15,12.85,13.11,7.35,,53.63,0.88,0.58,1.46,,0.50,02.3023
ORL,61,Goblet,16,III,PGE,2.54,14.85,10.55,7.90,,56.46,1.02,0.46,0.95,,0.58,02.3023
ORL,62,Tumbler,16,III,PGE,1.56,13.09,15.16,7.84,,53.75,0.99,0.39,1.15,,0.46,02.3023
ORL,63,Tumbler,16,III,PGE,2.77,12.18,13.61,7.10,,55.52,1.10,0.27,0.60,,0.47,02.3023
ORL,64,Lid,16,III,Millefiori,8.67,8.64,3.68,2.69,,60.93,2.90,1.32,1.12,,0.70,02.3023
ORL,*23,Tumbler,16,III,CL,2.60,14.46,9.63,8.22,,57.21,0.90,0.55,0.79,,0.60,02.3023
ORL,*24,Tumbler,16,III,CL,2.43,14.72,10.48,7.70,,53.51,1.12,2.57,1.09,,0.58,02.3023
ORL,*34,Goblet,16,III,CL,1.81,14.08,14.25,6.83,,55.70,0.50,0.43,1.07,,0.50,02.3023
ORL,*35,Goblet,16,III,CL,2.54,14.60,9.95,6.95,,58.18,1.51,0.73,0.85,,0.59,02.3023
POI,1,Flask,11-12,I,PGE,1.58,15.38,10.88,7.38,2.67,56.45,1.24,0.39,1.01,0.58,0.59,
POI,2,Goblet?,?,II-III?,PGE,1.19,13.41,15.57,6.19,3.50,53.63,1.17,0.40,0.53,0.61,0.46,P.9-1039
POI,3,?,13?,I?,PGE,1.17,16.24,13.51,5.77,4.08,52.90,2.20,0.59,0.97,0.48,0.55,P.4 H.S.
ANG,1,Goblet?,14,II,PGE,2.22,11.78,16.27,6.36,2.70,55.59,1.23,0.43,0.82,0.63,0.42,029.3
ANG,2,Goblet,14,II,PGE,1.40,11.36,17.07,6.06,2.26,56.73,1.61,0.56,0.85,0.49,0.4,029.5
ANG,3,Goblet,14,II,PGE,1.41,9.68,18.22,5.68,2.35,57.4,1.04,0.4,0.77,0.46,0.35,029.4
ANG,4,Goblet,14,II,PGE,1.54,9.95,17.97,6.15,2.14,56.00,0.92,0.16,0.67,0.58,0.36,029.6
ANG,5,Pitcher?,14,II,PGE,2.08,12.08,16.38,6.47,2.76,55.37,1.25,0.66,0.59,0.64,0.42,029.8
ANG,6,Goblet,16,III,PGE,2.73,13.24,15.08,7.33,2.12,54.79,1.00,0.29,0.69,0.53,0.47,028.1
ANG,8,Goblet,17,IV,CL*b,13.11,10.36,5.33,4.13,0.17,62.95,1.10,0.37,0.24,0.78,0.66,028.3
ANG,9,Goblet,17,IV,CL*b,12.72,10.72,6.07,3.58,0.07,63.46,0.83,0.25,0.34,0.69,0.64,028.4
ANG,10,Goblet,17,IV,CL*b,13.04,10.18,4.41,3.54,0.07,65.42,0.88,0.34,0.05,0.87,0.7,028.4
ANG,11,Goblet,17,IV,CL*b,12.96,10.68,7.46,3.46,0.08,60.42,1.73,0.31,0.3,0.63,0.59,028.5
ANG,12,Goblet,17,IV,CL*b,16.39,9.18,3.19,3.32,0.20,64.49,0.97,0.32,0.29,1.21,0.74,028.6
ANG,13,Goblet,17,IV,CL*b,13.05,10.27,5.14,2.99,0.27,56.43,0.79,0.43,0.14,0.85,0.67,028.7
ANG,14,Goblet,17,IV,CL*b,17.94,8.42,1.88,2.56,0.04,64.87,1.20,0.41,0.76,1.28,0.82,028.8
ANG,15,Goblet,17,IV,PGE-B,12.21,11.67,4.72,3.19,0.24,62.94,2.18,0.60,0.65,0.79,0.71,028.9
ANG,16,Goblet,17,IV,PGE-B,2.21,13.6,9.29,7.93,1.47,61.77,0.80,0.30,1.08,0.23,0.59,028.1
ANG,17,Goblet,17,IV,CL,9.59,11.66,5.96,3.05,0.38,63.66,1.05,0.37,0.87,0.83,0.66,028.14
ANG,18,Goblet,17,IV,CL,11.9,11.42,6.33,3.30,0.22,62.5,1.19,0.52,0.42,0.67,0.64,028.15
ANG,19,Goblet,17,IV,PGE-B,2.44,12.38,13.04,6.67,1.30,60.1,0.98,0.41,0.83,0.43,0.49,028.17
ANG,20,Goblet,17,IV,PGE-B,2.30,12.41,19.1,7.23,2.88,51.51,0.58,0.41,1.00,0.49,0.39,028.18
ANG,21,Goblet,17,IV,CL,15.8,5.78,2.15,1.95,0.26,68.19,1.29,0.38,0.5,1.45,0.73,028.19
ANG,22,Goblet,17,IV,CL,12.82,11.87,3.99,3.45,0.25,64.05,1.38,0.32,0.55,0.92,0.75,028.21
ANG,23,Goblet,17,IV,PGE,2.38,13.27,12.49,7.90,1.35,58.6,0.79,0.35,1.10,0.35,0.51,028.35
ANG,24,Goblet,17,IV,CL,16.00,10.97,3.46,3.05,0.22,61.96,1.56,0.35,0.44,1.02,0.76,028.25
ANG,25,Goblet,17,IV,CL,12.06,11.44,3.47,2.74,0.22,65.95,1.20,0.30,0.90,1.11,0.77,028.31
ANG,26,Goblet,17,IV,PGE-B,2.18,13.49,9.38,7.89,1.47,61.58,0.9,0.41,1.07,0.27,0.59,028.32
ANG,27,Case bottle,17,IV,W,0.49,26.53,2.85,2.41,1.31,59.07,3.18,0.94,0.33,0.13,0.90,028.47
ANG,28,Goblet,17,IV,PGE,2.14,12.88,11.94,7.92,1.48,59.27,0.92,0.34,1.16,0.2,0.52,028.33
ANG,29,Goblet,17,IV,PGE,2.13,13.19,9.43,8.00,1.48,61.71,0.87,0.22,1.02,0.24,0.58,028.36
ANG,30,Goblet,17,IV,CL*w,0.47,26.47,2.82,2.43,1.38,58.04,3.21,0.88,0.54,0.18,0.9,028.37
OMO,1,Window glass,17,IV,PGE,3.4,20.68,3.46,3.41,2.91,59.68,2.88,0.92,0.72,0.55,0.86,TON:3a
OMO,2,Flattened flask,17,IV,PGE,3.3,20.87,4.09,3.56,2.96,58.32,3.37,1.04,0.49,0.52,0.84,TON:3b
OMO,3,Flattened flask,17,IV,PGE,2.83,24.77,3.67,3.75,3.19,54.53,3.29,1.12,0.63,0.74,0.87,TON:3C
ROU,1,?,9-10?,I,PGE,1.72,21.94,6.89,3.64,3.69,55.31,3.24,0.92,1.02,0.39,0.76,R.87.2.1
ROU,3,Goblet,13,II,PGE,1.13,14.15,14.44,5.89,3.64,54.49,2.29,0.73,0.86,0.37,0.49,R.87.2.2
ROU,4,Goblet,14,II,PGE*b,2.34,14.7,14.9,6.66,4.38,51.13,1.22,0.43,0.68,0.44,0.5,R.87.2.3
ROU,5,Goblet,14,II,PGE,0.71,17.88,12.16,3.41,3.79,57.32,1.29,0.66,0.93,0.59,0.6,R.87.2.5
ROU,6,Goblet,14,II,PGE,1.01,12.89,17.6,5.57,4.46,52.41,1.32,0.64,0.72,0.46,0.42,R.87.2.7
ROU,7,Goblet,14,II,PGE,0.93,13.57,17.24,5.71,4.54,52.05,1.21,0.4,1.3,0.47,0.44,R.87.2.10
ROU,8,Goblet,14,II,PGE,1.14,11.86,17.53,5.77,4.69,54.51,1.35,0.36,0.9,0.48,0.4,R.87.2.11
ROU,9,Goblet,14,II,PGE,1.67,13.48,14.36,3.9,3.66,59.01,1.82,0.44,0.8,0.53,0.48,R.87.2.12
ROU,10,Goblet,14-15,II,PGE,3.49,15.37,10.48,7.07,3.06,56.96,0.71,0.21,1.12,0.63,0.59,R.87.2.13
ROU,11,Goblet,14-15,II,PGE,3.17,13.66,13.87,6.06,4.61,54.26,2.19,0.62,0.98,0.51,0.5,R.87.2.19
ROU,12,Aiguière,15-16,III,PGE*b,3.92,12.05,11.85,6.45,3.45,57.99,1.48,0.58,0.74,0.54,0.5,R.87.2.22
ROU,13,Aiguière,15-16,III,PGE*b,2.28,15.46,14.35,5.27,4.86,52.68,1.94,0.59,0.66,0.56,0.52,R.87.2.27
ROU,14,Tumbler,15-16,III,PGE*b,1.85,17.12,12.81,7.42,3.43,53.64,0.69,0.32,0.88,0.5,0.57,R.87.2.28
ROU,15,Tumbler,16,III,CL,13.7,6.85,4.35,1.83,0.86,71.35,0.92,0.28,0.79,1.19,0.61,R.87.2.31
ROU,16,Tumbler,16,III,PGE,3.3,14.3,14.11,7.24,5.19,52.02,1.24,0.34,0.76,0.43,0.5,R.87.2.35
ROU,17,Tumbler,16,III,CL,14.54,6.28,3.96,2.11,0.8,70.44,0.88,0.22,0.62,1.19,0.61,R.87.2.44
ROU,18,Tumbler,16,III,CL*w,13.23,6.1,4.06,2.06,0.82,71.28,1.00,0.21,0.92,1.17,0.6,R.87.2.45
ROU,19,Goblet,16,III,CL,15.85,5.6,4.18,2.05,0.81,66.51,1.73,0.33,1.05,1.29,0.57,R.87.2.50
ROU,20,Goblet,16,II,CL,11.97,10.67,3.33,2.16,0.85,65.68,0.69,0.3,1.06,1.18,0.76,R.87.2.51
ROU,21,Goblet,16,III,PGY-B,0.18,20.69,6.64,2.62,2.03,63.38,1.47,0.17,1.21,0.02,0.76,R.87.2.52
ROU,22,Goblet,16,III,PGY-B,0.25,24.43,5.91,2.59,2.26,59.03,1.85,0.31,1.03,0.00,0.81,R.87.2.53
ROU,23,Goblet,16,III,CL,10.61,11.00,4.27,3.18,1.56,64.63,1.09,0.33,0.73,1.04,0.72,R.87.2.57
ROU,24,Goblet,16,III,CL,8.92,11.68,8.09,4.26,2.41,60.04,0.85,0.33,0.98,0.87,0.59,R.87.2.56
ROU,25,Goblet,16,III,PGE,1.95,13.97,14.53,6.13,3.12,57.31,0.94,0.35,0.83,0.59,0.49,"R,87.2.55"
ROU,26,Goblet,16,III,CL,0.4,23.65,5.15,2.19,2.62,62.39,1.16,0.35,0.44,0.04,0.82,"R,87.2.58"
ROU,27,Goblet,16,III,CL,0.37,22.28,5.39,3.09,2.18,61.68,1.52,0.32,0.49,0.01,0.81,R.87.2.59
ROU,28,Goblet,16,III,CL,0.24,25.11,6.76,2.21,3.07,56.72,2.49,0.28,1.30,0.02,0.79,R.87.2.60
ROU,29,Goblet,16,III,PGE*b,2.51,16.1,9.16,5.86,3.62,55.86,2.05,0.58,0.84,0.32,0.64,R.87.2.62
ROU,30,Goblet,16,III,PGE*b,2.71,15.78,13.29,5.42,4.86,52.71,2.04,0.47,0.68,0.64,0.54,R.87.2.63
ROU,31,Goblet,16,III,CL*w,1.88,14.98,10.64,3.89,2.07,61.56,1.72,0.29,0.67,0.54,0.58,A.87.2.64
ROU,32,Goblet,16,III,CL,0.17,25.22,5.74,2.17,2.85,58.32,1.88,0.25,1.25,0.00,0.81,R.87.2.66
ROU,33,Goblet,16,III,CL,0.16,24.53,6.85,2.24,2.38,59.62,1.79,0.14,0.76,0.02,0.78,R.87.2.67
ROU,34,Footed cup,16-17,IV,CL,13.73,8.35,4.17,3.03,0.19,66.18,1.37,0.60,1.31,0.69,0.67,R.87.2.68
ROU,36,Bottle,16-17,III,CLgy,0.18,24.02,7.15,2.35,3.24,58.96,1.69,0.27,1.08,0.01,0.77,R.87.2.70
ROU,38,Goblet,16,III,B-CL,2.48,17.14,10.3,4.55,4.78,54.94,2.53,0.94,0.59,0.33,0.62,R.87.2.6
ROU,39,Aiguière,16,III,PGE*bl,2.76,14.16,11.71,6.63,3.68,54.46,1.43,0.90,0.77,0.45,0.55,R.87.2.24
ROU,40,Aiguière,16,III,PGE*bl,2.61,13.98,12.34,5.58,3.94,55.48,1.85,0.81,0.78,0.62,0.53,R.87.2.26
ROU,41,Goblet,16,III,PGE*bl,2.44,16.33,9.49,5.69,3.76,56.47,1.91,0.82,0.77,0.38,0.63,R.87.2.62
ROU,42,Goblet,16,III,I*w,8.17,6.83,2.96,1.4,0.71,44.38,0.98,0.11,0.06,0.96,0.7,R.87.2.64
ROU,43,Goblet,16,III,B,0.91,13.11,18.7,4.03,3.98,49.66,2.38,1.85,0.92,0.24,0.41,R.87.2.61
ROU,44,?,16,III,R,11.05,9.89,5.78,2.71,0.32,66.83,1.04,2.50,0.25,0.68,0.63,R87.2.8
ROU,45,Tumbler,16,III,CL*b,0.87,14.47,20.81,0.13,0.06,57.97,2.22,0.19,1.04,0.22,0.41,c. Thaurin
MEA,1,Tumbler,15-16,III,PGE,1.22,17.29,10.43,6.13,3.24,56.98,1.19,0.29,1.05,0.52,0.62,M:2099
MEA,2,Tumbler,15-16,III,PGE,1.95,15.83,12.14,6.33,3.93,57.19,0.92,0.47,0.99,0.63,0.57,M:2099
MEA,3,Tumbler,15-16,III,CL,14.25,4.92,3.76,1.54,0.55,72.8,1.44,0.38,1.14,1.01,0.57,M:2099
MEA,4,Tumbler,15-16,III,CL,13.69,5.64,3.50,1.56,0.04,71.29,1.41,0.24,1.46,1.10,0.62,M:2099
MEA,5,Goblet,16,III,PGE,1.02,16.87,11.31,4.86,3.36,58.46,1.25,0.46,0.88,0.50,0.60,rue G.C.
MEA,6,Goblet,16,III,CL,13.95,8.39,3.43,1.91,0.98,70.20,0.78,0.14,0.53,1.31,0.71,rue G.C.
MEA,7,Goblet,16,III,PGY-B,0.22,21.88,5.94,2.51,1.60,63.44,1.41,0.07,0.75,0.04,0.79,rue G.C.
MEA,8,Goblet,16,III,CL,18.68,6.13,3.33,1.97,0.64,67.67,2.11,0.37,0.61,1.73,0.65,rue G.C.
MEA,9,Goblet,16,III,CL*w,0.62,15.31,9.08,3.64,1.92,63.36,1.54,0.37,1.76,0.05,0.63,rue G.C.
MEA,10,Goblet,16,III,PGY-B,0.25,23.82,6.68,3.03,2.01,58.93,2.34,0.00,0.94,0.02,0.78,rue G.C.
MEA,11,Goblet,16,III,PGE-B,0.22,24.97,6.09,1.98,3.28,60.20,1.23,0.37,0.26,0.00,0.80,M:2006
MEA,12,Goblet,16,III,PGE-B,0.37,24.49,4.81,2.80,2.42,60.03,2.21,0.73,0.66,0.06,0.84,M:2000
CHL,3,Goblet,14,II,PGE,0.85,17.95,9.83,2.90,,60.35,1.63,0.77,0.61,,0.65,P35c
CHL,5,Tumbler,15,II,PGE,0.25,24.96,7.86,2.78,,54.03,1.86,0.84,0.28,,0.76,P49
CHL,6,Tumbler,15,II,PGE,0.27,17.62,10.94,3.04,,53.81,0.89,0.35,0.69,,0.62,P49
CHL,8,Bottle,15,II,PGE,1.50,20.99,8.62,2.75,,57.97,0.98,0.64,0.38,,0.71,P49
CHL,9,Flask,15,II,PGE,0.23,23.01,7.56,3.24,,56.38,2.03,0.69,0.66,,0.75,P49
CHL,10,Flask,15,II,PGE,0.35,22.29,8.94,3.53,,48.86,1.89,0.72,0.65,,0.71,P49
CHL,12,Tumbler,16,III,CL,0.45,16.59,13.40,2.46,,69.31,2.06,0.14,0.99,,0.55,CCP
CHL,13,Tumbler,16,III,CL,0.43,16.36,12.06,3.26,,68.14,3.78,0.32,1.13,,0.58,CCP
CHL,14,Tumbler,16,III,CL,0.46,17.59,17.25,4.29,,51.84,3.15,0.46,0.99,,0.50,CCP
CHL,15,Tumbler,16,III,PGE,0.48,20.35,4.07,2.18,,50.70,1.01,0.15,0.64,,0.83,CCP
CHL,16,Tumbler,16,III,PGE,0.31,20.30,6.41,2.74,,64.00,1.59,0.14,1.34,,0.76,CCP
CHL,17,Goblet,16,III,PGY-B,0.24,20.89,8.27,2.52,,57.28,1.75,0.17,0.87,,0.72,P49
CHL,18,Vase,16,III,PGY-B,0.28,21.91,8.40,2.55,,60.23,1.86,0.22,0.83,,0.72,P49
CHL,19,Pitcher?,16,III,CL,0.29,23.61,5.81,2.84,,53.51,2.30,0.40,1.04,,0.80,P50
CHL,20,Goblet,16,III,PGY-B,0.22,23.58,5.87,2.59,,60.15,1.97,0.26,1.02,,0.80,P18
CHL,21,Goblet,16,III,CL*w,0.26,21.15,6.47,2.61,,63.53,0.62,0.08,1.05,,0.77,P18
CHL,23,Goblet,16,III,CL*w,0.17,23.48,5.74,2.56,,61.43,2.18,0.25,1.04,,0.80,P18
CHL,24,Flattened flask,16,III,PGE,0.20,25.36,4.62,2.17,,61.17,1.48,0.44,0.81,,0.85,P36
CHL,25,Tumbler,16,III,R,2.84,20.15,5.03,3.26,,54.47,4.35,1.43,0.68,,0.80,CCP
CHL,26,Goblet,17,IV,PGE,0.24,25.65,5.93,2.34,,57.43,2.31,0.53,0.93,,0.81,P1
CHL,27,Goblet,17,IV,CL,11.12,10.65,5.18,3.01,,63.46,1.77,0.51,1.11,,0.67,P1
CHL,28,Goblet,17,IV,PGE,0.17,26.36,5.57,2.28,,57.74,1.02,0.18,1.12,,0.83,P1
CHL,29,Goblet,17,IV,PGE,0.32,25.91,3.84,2.02,,58.99,2.34,0.85,0.76,,0.87,P1
CHL,30,Goblet,17,IV,PGE,0.25,25.36,6.21,2.58,,57.25,1.89,0.74,0.95,,0.80,P1
CHL,31,Goblet,17,IV,CL*b,0.26,24.50,6.90,2.68,,55.55,2.30,0.50,0.85,,0.78,P1
CHL,32,Goblet,17,IV,CL*b,0.30,24.91,6.67,2.77,,66.71,2.30,0.43,0.97,,0.79,P1
CHL,34,Flattened flask,17,IV,PGE,0.31,24.90,3.88,2.01,,59.52,2.34,1.00,0.55,,0.87,P15
CHL,35,Goblet,17,IV,PGE*b,0.28,22.53,7.93,3.64,,55.91,4.14,0.74,0.75,,0.74,P1
CHL,38,Goblet,17,IV,PGE*b,0.67,11.00,23.15,1.17,,57.88,1.09,0.15,1.20,,0.32,P1
CHL,42,Pitcher?,17,IV,B,0.28,19.81,6.42,3.50,,61.56,2.25,0.24,1.25,,0.76,P35
CHL,43,Flask,16,III,CL,0.22,20.03,6.37,3.33,,61.88,2.27,0.24,1.45,,0.76,P36
CHL,*02,Flask,14,II,?,1.13,18.61,10.15,3.20,2.65,61.23,1.56,0.80,0.35,,0.65,P35
CHL,*03,Flask,15,II,?,0.51,21.78,8.52,3.10,3.83,58.25,2.26,0.90,0.42,,0.72,P49
CHL,*04,Tumbler,15,II,?,0.49,22.93,7.29,3.26,3.46,57.86,2.69,0.91,0.61,,0.76,P49
CHL,*05,Goblet,16,III,CL?*w,0.36,22.16,6.74,2.32,1.23,63.76,1.41,0.47,0.92,,0.77,P36
CHL,*06,Goblet,16,III,CL*b,12.92,10.18,3.33,2.35,1.04,67.63,1.45,0.39,0.45,,0.75,P49
CHL,*07,Goblet,16,III,?,0.45,22.10,6.04,2.43,1.64,62.75,2.68,0.59,0.83,,0.79,P49
CHL,*08,Goblet,16,III,CL*w,0.31,21.78,6.76,2.52,1.21,64.52,1.12,0.21,1.05,,0.76,P49
CHL,*O9,Goblet,16,III,?,0.65,16.63,11.61,2.97,1.09,63.13,1.60,0.47,1.15,,0.59,P36
CHL,*10,Goblet,17,IV,PGE,0.35,28.34,5.66,2.67,2.46,56.93,1.64,0.52,0.86,,0.83,P57
CHL,*11,Goblet,17,IV,CLgy,14.52,8.32,2.64,2.13,0.50,67.75,1.68,0.72,1.38,,0.76,P24
CHL,*12,Goblet,17,IV,?,11.67,7.69,5.62,1.92,0.46,69.55,1.64,0.56,0.65,,0.58,P50
PAI,1,Flask,14,II,PGE,0.59,17.85,14.59,3.69,3.57,54.88,1.28,0.86,0.79,0.63,0.55,PAI 1
PAI,2,Work dropping,14,II,PGE,0.70,16.10,11.45,3.58,3.07,61.43,1.32,0.61,0.55,0.78,0.58,PAI 2
PAI,3,Work dropping,14,II,PGE,0.73,17.35,14.19,3.65,3.31,56.96,1.49,1.02,0.78,0.57,0.55,PAI 3
PAI,4,Work dropping,14,II,PGE,0.56,18.16,10.68,3.30,2.53,60.30,1.56,0.78,0.76,0.60,0.63,PAI 4
PAI,5,Work dropping,14,II,PGE,0.74,18.43,13.42,3.54,3.81,56.45,1.42,0.94,0.72,0.75,0.58,PAI 5
PAI,6,Work dropping,14,II,PGE,0.61,16.70,12.78,3.56,3.04,58.92,1.46,0.76,0.82,0.71,0.57,PAI 6
PAI,7,Work dropping,14,II,PGE,0.70,18.50,11.13,3.28,2.85,59.19,1.65,0.89,0.83,0.53,0.62,PAI 7
PAI,8,Work dropping,14,II,PGE,0.68,17.17,14.76,3.70,3.11,56.38,1.35,0.98,0.78,0.62,0.54,PAI 8
PAI,9,Work dropping,14,II,PGE,0.47,18.09,13.45,3.69,3.21,56.40,1.46,0.67,0.87,0.56,0.57,PAI 9
PAI,10,Work dropping,14,II,PGE,0.44,19.85,10.71,3.48,3.75,56.45,2.52,0.85,0.85,0.39,0.65,PAI 10
PAI,11,Goblet,14,II,PGE,0.42,19.81,10.22,3.37,3.69,56.51,2.26,0.81,0.86,0.40,0.66,PAI 11
PAI,12,Goblet,14,II,PGE,0.67,21.75,10.67,3.69,3.90,55.98,1.56,0.63,0.57,0.73,0.67,PAI 12
PAI,13,Goblet,14,II,PGE,0.64,21.23,11.11,3.50,3.57,56.76,1.55,0.69,0.69,0.61,0.66,PAI 13
PAI,14,Goblet,14,II,PGE,0.80,18.77,10.33,3.05,2.78,59.87,1.79,1.00,0.69,0.64,0.65,PAI 14
PAI,15,Goblet,14,II,PGE,0.71,18.59,10.79,3.22,2.81,59.38,1.75,0.83,0.78,0.63,0.63,PAI 15
PAI,16,Goblet,14,II,PGE,0.71,18.70,11.79,3.23,2.72,58.80,1.58,0.87,0.77,0.70,0.61,PAI 16
PAI,17,Goblet,14,II,PGE,0.49,19.37,11.57,3.42,3.53,57.47,1.66,0.69,0.95,0.67,0.63,PAI 17
PAI,18,Goblet,14,II,PGE,0.71,18.50,11.44,3.21,2.98,57.56,1.63,0.81,0.75,0.58,0.62,PAI 18
PAI,19,Goblet,14,II,PGE,0.62,17.98,14.99,3.77,3.26,54.07,1.35,1.06,0.71,0.62,0.55,PAI 19
PAI,20,Goblet,14,II,PGE,0.53,16.96,13.95,3.72,3.48,56.91,1.38,0.82,0.82,0.71,0.55,PAI 20
PAI,25,Work dropping,14,II,PGE,0.40,17.80,15.56,3.58,3.55,53.90,1.74,0.63,0.90,0.44,0.53,PAI 25
PAI,26,Work dropping,14,II,PGE,0.42,17.80,15.52,3.70,4.31,54.02,1.79,0.62,0.82,0.42,0.53,PAI 26
PAI,27,Work dropping,14,II,PGE,0.64,19.74,11.98,3.42,3.69,55.29,1.47,0.65,0.83,0.54,0.62,PAI 27
PAI,28,Work dropping,14,II,PGE,0.72,16.23,16.24,3.73,3.57,54.70,1.50,1.06,0.70,0.57,0.50,PAI 28
PAI,29,Work dropping,14,II,PGE,0.84,21.11,11.45,3.56,3.84,54.28,1.55,0.74,0.60,0.63,0.65,PAI 29
PAI,30,Work dropping,14,II,PGE,0.83,20.75,11.79,3.66,4.47,55.45,1.61,0.74,0.56,0.55,0.64,PAI 30
PAI,31,Work dropping,14,II,PGE,0.66,16.33,16.13,3.53,3.75,55.45,1.50,0.92,0.65,0.65,0.50,PAI 31
PAI,32,Flask,14,II,PGE,0.71,20.73,11.71,3.55,3.93,54.95,1.55,0.72,0.59,0.58,0.64,PAI 32
PAI,33,Flask,14,II,PGE,0.41,17.84,15.26,3.59,3.87,54.30,1.81,0.61,0.77,0.54,0.54,PAI 33
PAI,34,Flask,14,II,PGE,0.76,17.42,10.88,2.76,2.58,59.86,1.85,0.93,0.71,0.49,0.62,PAI 34
PAI,35,Flask,14,II,PGE,0.65,19.04,9.92,3.09,3.28,59.26,1.89,0.76,0.72,0.42,0.66,PAI 35
PAI,36,Flask,14,II,PGE,0.62,17.46,15.31,3.80,3.81,54.40,1.28,0.87,0.67,0.44,0.53,PAI 36
PAI,37,Goblet,14,II,PGE,0.81,17.78,10.94,3.21,2.85,57.64,1.68,0.84,0.71,0.54,0.62,PAI 37
PAI,38,Goblet,14,II,PGE,0.67,17.03,11.55,3.42,3.10,57.96,1.69,0.76,1.62,0.51,0.60,PAI 38
PAI,41,Goblet,14,II,PGE,0.48,19.38,9.60,3.46,3.64,56.71,2.47,0.76,3.06,0.35,0.67,PAI 41
PAI,43,Goblet,14,II,PGE,0.55,17.35,13.19,3.68,3.71,56.30,1.45,0.79,0.56,0.60,0.57,PAI 43
PAI,44,Goblet,14,II,PGE,0.60,17.74,11.36,3.29,3.23,57.91,1.64,0.79,2.19,0.60,0.61,PAI 44
PAI,45,Goblet,14,II,PGE,0.65,16.83,14.80,3.69,3.66,53.91,1.40,0.88,0.74,0.51,0.53,PAI 45
PAI,46,Goblet,14,II,PGE,0.79,19.94,11.28,3.63,3.66,54.39,1.49,0.64,0.60,0.57,0.64,PAI 46
PAI,47,?,14,II,PGE,0.77,17.51,9.63,3.00,3.23,60.15,1.68,0.75,2.14,0.61,0.65,PAI 47
PAI,48,?,14,II,PGE,0.60,16.41,15.14,3.63,3.88,55.69,1.42,0.89,2.73,0.61,0.52,PAI 48
PAI,49,?,14,II,PGE,0.63,17.73,12.74,3.81,3.75,56.42,1.47,0.60,2.76,0.60,0.58,PAI 49
BER,1,Goblet,14,II,PGE,0.79,18.17,12.16,3.35,3.36,56.86,2.06,0.83,0.62,0.56,0.60,BER 1
BER,2,Goblet,14,II,PGE,0.71,18.19,12.12,3.56,3.48,56.89,1.51,0.79,1.41,0.56,0.60,BER 2
BER,3,Goblet,14,II,PGE,0.58,18.19,12.83,3.49,3.30,57.51,1.65,0.88,2.81,0.58,0.59,BER 3
BER,4,Goblet,14,II,PGE,0.70,18.46,12.71,3.20,3.75,56.78,1.78,0.85,2.39,0.46,0.59,BER 4
BER,5,Goblet,14,II,PGE,0.80,18.37,12.02,3.58,3.81,56.90,1.58,0.91,2.81,0.57,0.60,BER 5
BER,6,Goblet,14,II,PGE,0.60,18.09,12.48,3.63,3.83,56.52,1.47,0.58,2.92,0.51,0.59,BER 6
BER,7,Pitcher?,14,II,PGE,0.46,17.46,12.31,3.53,3.59,57.77,1.46,0.51,2.85,0.53,0.59,BER 7
BER,8,Flask,14,II,PGE,0.89,17.51,12.47,3.33,3.20,56.65,1.40,0.73,0.03,0.59,0.58,BER 8
BER,9,Pitcher?,14,II,B,0.59,17.23,12.88,3.67,3.50,55.62,1.48,1.38,2.86,0.57,0.57,BER 9
BER,10,Pitcher?,14,II,B,0.53,17.78,12.70,3.41,3.65,56.01,1.76,1.32,2.89,0.55,0.58,BER 10
BER,11,Work dropping,14,II,B,0.74,18.38,12.22,3.29,3.42,56.56,2.03,1.20,2.82,0.53,0.60,BER 11
BIN,1,Tumbler,16,III,PGE,0.24,25.40,4.57,2.24,2.09,61.99,2.05,0.64,1.01,0.00,0.85,BIN 5
BIN,2,Tumbler,16,III,CL,0.28,20.37,6.12,2.46,1.47,63.89,1.41,0.58,3.09,0.01,0.77,BIN 6
BIN,3,Goblet,16,III,CLgy,0.15,24.91,5.27,2.92,1.82,59.82,2.60,0.22,3.46,0.00,0.83,BIN 2
BIN,4,Goblet,16,III,CLgy,0.21,23.64,5.70,2.80,1.92,60.72,2.50,0.30,2.94,0.00,0.81,BIN 1
BIN,6,Goblet,16,III,CL,9.25,21.45,10.01,2.62,1.07,59.96,0.69,0.10,3.04,0.02,0.68,BIN 4
BIN,6,?,16,III,CLgy,0.18,25.53,5.07,2.62,1.91,60.97,2.23,0.18,3.06,0.00,0.83,BIN 8
CHE,1,Goblet,16,III,CL,0.12,22.66,5.91,1.81,2.22,63.94,0.59,0.21,1.14,0.00,0.79,CHE 1
CHE,2,Goblet,16,III,CLgy,0.34,26.94,4.95,1.82,2.13,59.27,1.94,0.28,1.34,0.05,0.84,CHE 2
CHE,3,Goblet,16,III,CL,0.27,24.15,5.46,2.28,2.87,60.69,2.06,0.42,1.15,0.00,0.82,CHE 3
CHE,4,Goblet,16,III,CLgy,0.16,23.71,6.07,2.15,2.71,60.98,1.91,0.24,1.00,0.04,0.80,CHE 4
CHE,5,Goblet,16,III,CLgy,0.19,22.59,5.10,1.80,1.70,63.06,1.54,0.14,1.21,0.02,0.82,CHE 5
CHE,6,Goblet,16,III,CLgy,0.16,26.83,4.84,1.80,2.22,59.11,1.83,0.35,0.50,0.02,0.85,CHE 6
CHE,7,Goblet,16,III,B,0.16,22.72,5.36,1.95,1.74,58.46,2.17,0.35,0.90,0.02,0.81,CHE 7
CHE,8,Goblet,16,III,CL,0.20,23.33,5.99,2.38,2.47,69.21,2.27,0.25,0.91,0.02,0.80,CHE 8
CHE,9,Goblet,16,III,CLgy,0.14,25.59,5.18,1.93,2.39,58.88,1.91,0.12,0.93,0.01,0.83,CHE 9
CHE,10,Flask,16,III,CL,0.18,24.55,5.23,2.24,2.88,59.81,1.63,0.28,1.11,0.00,0.82,CHE 10
CHE,11,Goblet,16,III,CL,0.18,24.82,5.97,2.24,2.24,58.37,1.27,0.32,0.96,0.01,0.81,CHE 11
CHE,12,Goblet,16,III,CL,0.20,25.42,5.43,2.28,1.95,58.02,2.19,0.34,1.15,0.01,0.82,CHE 12
CHE,13,Goblet,16,III,CL,0.11,22.57,5.59,2.52,2.03,63.32,1.24,0.23,3.02,0.03,0.80,CHE 25
CHE,14,Goblet,16,III,CLgy,0.12,24.69,4.94,2.63,1.84,60.45,2.47,0.20,1.27,0.00,0.83,CHE 14
CHE,15,Goblet,16,III,CL,0.18,25.86,5.79,2.39,2.22,68.77,1.70,0.22,0.98,0.01,0.82,CHE 15
CHE,16,Goblet,16,III,CLgy,0.29,22.52,6.76,2.82,1.87,61.83,1.00,0.22,3.30,0.06,0.77,CHE 6
CHE,17,Goblet,16,III,CLgy,0.15,24.69,5.24,2.39,1.81,59.44,1.79,0.21,1.80,0.00,0.82,CHE 17
CHE,18,Goblet,16,III,CLgy,0.18,24.82,6.02,2.50,2.81,57.30,2.11,0.27,1.12,0.00,0.80,CHE 18
CHE,19,Goblet,16,III,CL,0.11,24.48,4.56,1.64,2.19,61.45,1.66,0.19,1.20,0.01,0.84,CHE 19
CHE,20,Goblet,16,III,B,0.19,22.47,5.03,2.04,2.47,61.61,1.62,0.27,2.52,0.00,0.82,CHE 20
CHE,21,Goblet,16,III,CLgy,0.19,26.95,6.12,2.87,2.61,55.82,1.69,0.29,1.26,0.00,0.81,CHE 21
CHE,22,Goblet,16,III,CLgy,0.14,27.38,4.95,2.14,2.01,58.18,1.71,0.17,0.71,0.00,0.85,CHE 22
CHE,23,Goblet,16,III,CL,0.20,26.27,4.70,2.08,2.34,59.57,1.84,0.25,0.96,0.02,0.85,CHE 23
CHE,24,Goblet,16,III,CLgy,0.21,26.69,5.42,2.04,2.56,57.39,2.32,0.20,2.51,0.02,0.83,CHE 24
MIT,1,Tumbler,17,IV,PGE,0.35,25.48,3.77,2.18,2.23,57.50,2.24,0.98,0.52,0.04,0.87,MIT 2
MIT,2,Flattened flask,17,IV,PGE,0.33,25.51,4.00,2.62,2.63,57.35,2.50,1.13,0.82,0.02,0.86,MIT 6
MIT,3,Flattened flask,17,IV,PGE,0.41,26.16,4.10,2.32,2.73,57.18,2.92,1.04,1.18,0.01,0.86,MIT 7
MET,1,Bottle,14-15,II,PGE,0.57,20.32,9.04,2.77,3.34,55.45,3.46,1.58,1.09,0.23,0.69,AN:2004
MET,2,Bottle,14-15,II,PGE,0.45,21.62,13.03,3.78,5.44,52.13,1.61,0.72,0.63,0.19,0.62,AN:2004
MET,3,Tumbler,14-15,II,PGE,0.65,17.42,11.23,3.79,2.82,58.75,2.26,0.55,0.67,0.39,0.61,AN:2004
MET,4,Tumbler,14-15,II,PGE,0.56,18.18,9.02,2.42,2.70,61.88,0.77,0.41,0.45,0.66,0.67,AN:2004
MET,5,Tumbler,14-15,II,PGE,1.64,18.22,11.76,5.36,5.16,50.72,1.90,0.79,0.77,0.60,0.61,AN:2004
MET,6,Goblet,14-15,II,PGE,0.65,21.53,12.53,2.96,4.66,51.93,2.42,1.22,0.19,0.28,0.63,AN:2004
MET,7,Goblet,14-15,II,PGE,0.59,16.35,15.68,3.91,4.50,50.43,3.09,1.19,1.20,0.11,0.51,AN:2004
MET,8,Goblet,14-15,II,PGE,0.83,18.61,13.85,4.38,3.84,51.81,1.77,0.22,0.64,0.42,0.57,AN:2004
MET,9,Goblet,14-15,II,PGE,0.59,19.33,16.32,4.32,4.61,46.75,2.99,1.18,1.16,0.12,0.54,AN:2004
MET,10,Goblet,16,III,CLgy,0.29,21.73,9.40,2.44,1.64,58.94,1.85,0.17,1.07,0.05,0.70,AN:2012
MET,11,Goblet,16,III,CL,2.05,22.11,6.18,3.12,2.59,54.84,3.85,0.47,0.95,0.61,0.78,AN:2012
MET,12,Goblet,16,III,CLgy,0.16,20.23,12.81,4.72,1.67,51.34,2.62,0.33,1.61,0.01,0.61,AN:2012
MET,13,Tumbler,16,III,CL,2.20,21.08,5.43,2.77,2.99,58.37,3.71,0.58,0.56,0.69,0.80,AN:2012
MET,14,Goblet,16,III,PGE*b,0.50,21.07,5.98,2.69,3.05,60.59,2.39,0.68,1.79,0.00,0.78,AN:2012
MET,15,Apothecary jar?,16,III,W,0.30,25.05,3.54,1.65,1.43,62.04,1.85,0.73,0.36,0.03,0.88,AN:2012
CHM,1,Work dropping,15?,II-III?,CL,12.80,6.69,6.22,1.75,1.01,63.82,3.89,0.35,0.86,0.97,0.52,La Vieille
CHM,2,Work dropping,15?,II-III?,CL*b,8.88,7.50,9.36,1.27,1.41,64.27,3.52,0.45,1.05,0.81,0.44,La Garde
CHM,3,Goblet,15?,II-III?,CL*w,0.21,18.11,11.80,3.00,1.45,59.00,3.30,0.41,1.19,0.00,0.61,La Vieille
CHM,4,Work dropping,15?,II-III?,CL,13.19,4.40,4.43,1.68,0.54,67.94,4.36,0.38,0.83,1.13,0.50,La Vieille
CHM,5,Work dropping,15?,II-III?,PGE,12.66,4.97,5.15,1.65,0.61,65.97,4.29,0.48,0.80,0.98,0.49,La Vieille
CHM,6,Work dropping,15?,II-III?,PGE,12.49,5.59,7.73,1.49,0.71,63.49,5.47,0.50,0.73,0.88,0.42,La Garde
CHM,7,Work dropping,15?,II-III?,PGE,11.70,4.41,6.74,1.30,0.50,64.27,6.88,0.67,0.75,0.72,0.40,La Vieille
CHM,8,Work dropping,15?,II-III?,PGY-B,0.18,18.99,12.45,3.26,1.49,56.74,3.02,0.34,1.18,0.01,0.60,La Vieille
CHM,9,Work dropping,15?,II-III?,B,11.60,7.16,4.66,1.90,1.09,62.21,4.00,0.76,1.53,0.94,0.61,La Vieille
CHM,10,Work dropping,15?,II-III?,B,13.40,7.87,5.09,1.88,0.74,59.22,4.03,0.98,1.77,0.79,0.61,La Garde
CHM,11,Work dropping,15?,II-III?,B,10.73,8.51,8.93,2.69,2.06,59.44,3.47,0.95,1.29,0.11,0.49,La Garde
CHM,12,Flask?,15?,II-III?,CL*b,16.33,5.92,5.42,1.78,0.75,62.50,3.94,0.39,0.88,1.27,0.52,La Vieille
